"film_id","title","length","rental_count"
849,"Storm Happiness",57,"8"
789,"Shock Cabin",79,"8"
193,"Crossroads Casualties",153,"8"
378,"Greatest North",93,"8"
586,"Mockingbird Hollywood",60,"8"
730,"Ridgemont Submarine",46,"8"
434,"Horror Reign",139,"8"
595,"Moon Bunch",83,"8"
745,"Roses Treasure",162,"8"
764,"Saturday Lambs",150,"8"
767,"Scalawag Duck",183,"8"
1,"Academy Dinosaur",86,"8"
369,"Goodfellas Salute",56,"8"
199,"Cupboard Sinners",56,"8"
738,"Rocketeer Mother",178,"8"
638,"Operation Operation",156,"8"
109,"Butterfly Chocolat",89,"8"
295,"Expendable Stallion",97,"8"
174,"Confidential Interview",180,"8"
609,"Muscle Bright",185,"8"
127,"Cat Coneheads",112,"8"
444,"Hustler Party",83,"8"
973,"Wife Turn",183,"8"
266,"Dynamite Tarzan",141,"8"
403,"Harry Idaho",121,"8"
893,"Titans Jerk",91,"8"
301,"Family Sweet",155,"8"
239,"Dogma Family",122,"8"
873,"Sweethearts Suspects",108,"8"
683,"Pity Bound",60,"8"
468,"Invasion Cyclone",97,"8"
220,"Deer Virginian",106,"8"
525,"Loathing Legally",140,"8"
697,"Primary Glass",53,"8"
412,"Heavyweights Beast",102,"8"
231,"Dinosaur Secretary",63,"8"
880,"Telemark Heartbreakers",152,"8"
945,"Virginian Pluto",164,"8"
897,"Torque Bound",179,"8"
358,"Gilmore Boiled",163,"8"
206,"Dancing Fever",144,"8"
361,"Gleaming Jawbreaker",89,"8"
835,"Spy Mile",112,"8"
773,"Seabiscuit Punk",112,"8"
460,"Innocent Usual",178,"8"
69,"Beverly Outlaw",85,"8"
1000,"Zorro Ark",50,"8"
911,"Trip Newton",64,"8"
856,"Streetcar Intentions",73,"8"
73,"Bingo Talented",150,"8"
91,"Bound Cheaper",98,"8"
86,"Boogie Amelie",121,"8"
350,"Garden Island",80,"8"
621,"Network Peak",75,"8"
559,"Married Go",114,"8"
489,"Juggler Hardly",54,"8"
572,"Metropolis Coma",64,"8"
200,"Curtain Videotape",133,"8"
356,"Giant Troopers",102,"8"
531,"Lose Inch",137,"8"
382,"Grit Clockwork",137,"8"
331,"Forward Temple",90,"8"
31,"Apache Divine",92,"8"
870,"Swarm Gold",123,"8"
418,"Hobbit Alien",157,"8"
702,"Pulp Beverly",89,"8"
103,"Bucket Brotherhood",133,"8"
753,"Rush Goodfellas",48,"8"
748,"Rugrats Shakespeare",109,"8"
341,"Frost Head",82,"8"
500,"Kiss Glory",163,"8"
846,"Sting Personal",93,"8"
665,"Patton Interview",175,"7"
443,"Hurricane Affair",49,"7"
979,"Witches Panic",100,"7"
670,"Pelican Comforts",48,"7"
755,"Sabrina Midnight",99,"7"
556,"Maltese Hope",127,"7"
891,"Timberland Sky",69,"7"
790,"Shootist Superfly",67,"7"
320,"Flamingos Connecticut",80,"7"
115,"Campus Remember",167,"7"
554,"Malkovich Pet",159,"7"
555,"Mallrats United",133,"7"
833,"Splendor Patton",134,"7"
244,"Dorado Notting",139,"7"
816,"Snowman Rollercoaster",62,"7"
311,"Fiction Christmas",72,"7"
985,"Wonderland Christmas",111,"7"
810,"Slums Duck",147,"7"
993,"Wrong Behavior",178,"7"
37,"Arizona Bang",121,"7"
273,"Effect Gladiator",107,"7"
228,"Detective Vision",143,"7"
698,"Princess Giant",71,"7"
869,"Suspects Quills",47,"7"
922,"Undefeated Dalmations",107,"7"
172,"Coneheads Smoochy",112,"7"
409,"Heartbreakers Bright",59,"7"
563,"Massacre Usual",165,"7"
521,"Lies Treatment",147,"7"
122,"Carrie Bunch",114,"7"
397,"Hanky October",107,"7"
247,"Downhill Enough",47,"7"
22,"Amistad Midsummer",85,"7"
376,"Grapes Fury",155,"7"
786,"Shepherd Midsummer",113,"7"
814,"Snatch Slipper",110,"7"
119,"Caper Motions",176,"7"
715,"Range Moonwalker",147,"7"
720,"Redemption Comforts",179,"7"
391,"Half Outfield",146,"7"
941,"Videotape Arsenic",145,"7"
804,"Sleeping Suspects",129,"7"
579,"Minds Truman",149,"7"
450,"Idols Snatchers",84,"7"
951,"Voyage Legally",78,"7"
39,"Armageddon Lost",99,"7"
114,"Camelot Vacation",61,"7"
863,"Sun Confessions",141,"7"
590,"Money Harold",135,"7"
285,"English Bulworth",51,"7"
850,"Story Side",163,"7"
901,"Tracy Cider",142,"7"
349,"Gangs Pride",185,"7"
317,"Fireball Philadelphia",148,"7"
467,"Intrigue Worst",181,"7"
823,"South Wait",143,"7"
218,"Deceiver Betrayed",122,"7"
35,"Arachnophobia Rollercoaster",147,"7"
476,"Jason Trap",130,"7"
10,"Aladdin Calendar",63,"7"
374,"Graffiti Love",117,"7"
875,"Talented Homicide",173,"7"
852,"Strangelove Desire",103,"7"
112,"Calendar Gunfight",120,"7"
135,"Chance Resurrection",70,"7"
181,"Contact Anonymous",166,"7"
57,"Basic Easy",90,"7"
12,"Alaska Phantom",136,"7"
78,"Blackout Private",85,"7"
154,"Clash Freddy",81,"7"
367,"Goldmine Tycoon",153,"7"
234,"Disturbing Scarface",94,"7"
892,"Titanic Boondock",104,"7"
330,"Forrester Comancheros",112,"7"
902,"Trading Pinocchio",170,"7"
270,"Earth Vision",85,"7"
162,"Clueless Bucket",95,"7"
4,"Affair Prejudice",117,"7"
677,"Pianist Outfield",136,"7"
970,"Westward Seabiscuit",52,"7"
644,"Oscar Gold",115,"7"
625,"None Spiking",83,"7"
408,"Head Stranger",69,"7"
502,"Knock Warlock",71,"7"
723,"Reign Gentlemen",82,"7"
735,"Robbers Joon",102,"7"
982,"Women Dorado",126,"7"
284,"Enemy Odds",77,"7"
733,"River Outlaw",149,"7"
167,"Coma Head",109,"7"
263,"Durham Panky",154,"7"
11,"Alamo Videotape",126,"7"
464,"Intentions Empire",107,"7"
471,"Island Exorcist",84,"7"
771,"Scorpion Apollo",137,"7"
760,"Samurai Lion",110,"7"
319,"Fish Opus",125,"7"
879,"Telegraph Voyage",148,"7"
890,"Tights Dawn",172,"7"
484,"Jerk Paycheck",172,"7"
641,"Orange Grapes",76,"7"
366,"Goldfinger Sensibility",93,"7"
857,"Strictly Scarface",144,"7"
895,"Tomorrow Hustler",142,"7"
843,"Steel Santa",143,"7"
841,"Star Operation",181,"7"
447,"Ice Crossing",131,"7"
305,"Fatal Haunted",91,"7"
245,"Double Wrath",177,"7"
624,"Nightmare Chill",149,"7"
274,"Egg Igby",67,"7"
159,"Closer Bang",58,"7"
43,"Atlantis Cause",170,"7"
143,"Chill Luck",142,"7"
687,"Pocus Pulp",138,"7"
845,"Stepmom Dream",48,"7"
304,"Fargo Gandhi",130,"6"
437,"House Dynamite",109,"6"
18,"Alter Victory",57,"6"
6,"Agent Truman",169,"6"
958,"Wardrobe Phantom",178,"6"
363,"Go Purple",54,"6"
433,"Horn Working",95,"6"
512,"League Hellfighters",110,"6"
314,"Fight Jawbreaker",91,"6"
887,"Thief Pelican",135,"6"
458,"Indian Love",135,"6"
414,"Hellfighters Sierra",75,"6"
166,"Color Philadelphia",149,"6"
130,"Celebrity Horn",110,"6"
215,"Dawn Pond",57,"6"
651,"Packer Madigan",84,"6"
709,"Racer Egg",147,"6"
672,"Perfect Groove",82,"6"
864,"Sundance Invasion",92,"6"
139,"Chasing Fight",114,"6"
170,"Command Darling",120,"6"
101,"Brotherhood Blanket",73,"6"
481,"Jekyll Frogmen",58,"6"
439,"Hunchback Impossible",151,"6"
415,"High Encino",84,"6"
976,"Wind Phantom",111,"6"
395,"Handicap Boondock",108,"6"
680,"Pinocchio Simon",103,"6"
782,"Shakespeare Saddle",60,"6"
689,"Pollock Deliverance",137,"6"
300,"Falcon Volume",102,"6"
575,"Midsummer Groundhog",48,"6"
645,"Others Soup",118,"6"
334,"Freddy Storm",65,"6"
741,"Roman Punk",81,"6"
67,"Berets Agent",77,"6"
457,"Independence Hotel",157,"6"
417,"Hills Neighbors",93,"6"
281,"Encino Elf",143,"6"
302,"Fantasia Park",131,"6"
288,"Escape Metropolis",167,"6"
21,"American Circus",129,"6"
542,"Lust Lock",52,"6"
820,"Sons Interview",184,"6"
388,"Gunfight Moon",70,"6"
97,"Bride Intrigue",56,"6"
791,"Show Lord",167,"6"
571,"Metal Armageddon",161,"6"
329,"Forrest Sons",63,"6"
676,"Philadelphia Wife",137,"6"
995,"Yentl Idaho",86,"6"
778,"Secrets Paradise",109,"6"
551,"Maiden Home",138,"6"
948,"Voice Peach",139,"6"
706,"Queen Luke",163,"6"
189,"Creatures Shakespeare",139,"6"
616,"National Story",92,"6"
648,"Outlaw Hanky",148,"6"
936,"Vanishing Rocky",123,"6"
981,"Wolves Desire",55,"6"
249,"Dracula Crystal",176,"6"
255,"Driving Polish",175,"6"
55,"Barbarella Streetcar",65,"6"
25,"Angels Life",74,"6"
17,"Alone Trip",82,"6"
972,"Whisperer Giant",59,"6"
812,"Smoking Barbarella",50,"6"
90,"Boulevard Mob",63,"6"
79,"Blade Polish",114,"6"
387,"Gun Bonnie",100,"6"
690,"Pond Seattle",185,"6"
524,"Lion Uncut",50,"6"
494,"Karate Moon",120,"6"
118,"Canyon Stock",85,"6"
608,"Murder Antitrust",166,"6"
429,"Honey Ties",84,"6"
99,"Bringing Hysterical",136,"6"
737,"Rock Instinct",102,"6"
647,"Outfield Massacre",129,"6"
504,"Kwai Homeward",46,"6"
657,"Paradise Sabrina",48,"6"
19,"Amadeus Holy",113,"6"
351,"Gaslight Crusade",106,"6"
116,"Candidate Perdition",70,"6"
861,"Suit Walls",111,"6"
267,"Eagles Panky",140,"6"
491,"Jumping Wrath",74,"6"
734,"Road Roxanne",158,"6"
51,"Balloon Homeward",75,"6"
436,"Hours Rage",122,"6"
346,"Galaxy Sweethearts",128,"6"
150,"Cider Desire",101,"6"
784,"Shanghai Tycoon",47,"6"
176,"Congeniality Quest",87,"6"
129,"Cause Date",179,"6"
768,"Scarface Bang",102,"6"
838,"Stagecoach Armageddon",112,"6"
149,"Christmas Moonshine",150,"6"
280,"Empire Malkovich",177,"6"
461,"Insects Stone",123,"6"
619,"Neighbors Charade",161,"6"
100,"Brooklyn Desert",161,"6"
307,"Fellowship Autumn",77,"6"
650,"Pacific Amistad",144,"6"
986,"Wonka Sea",85,"6"
710,"Rage Games",120,"6"
800,"Sinners Atlantis",126,"6"
204,"Dalmations Sweden",106,"6"
456,"Inch Jet",167,"6"
803,"Slacker Liaisons",179,"6"
377,"Grease Youth",135,"6"
681,"Pirates Roxanne",100,"6"
303,"Fantasy Troopers",58,"6"
785,"Shawshank Bubble",80,"6"
643,"Orient Closer",118,"6"
827,"Spice Sorority",141,"6"
233,"Disciple Mother",141,"6"
89,"Borrowers Bedazzled",63,"6"
252,"Dream Pickup",135,"6"
953,"Wait Cider",112,"6"
416,"Highball Potter",110,"6"
243,"Doors President",49,"6"
603,"Movie Shakespeare",53,"6"
772,"Sea Virgin",80,"6"
724,"Remember Diary",110,"6"
743,"Room Roman",60,"6"
611,"Musketeers Wait",73,"6"
865,"Sunrise League",135,"6"
253,"Drifter Commandments",61,"6"
327,"Fool Mockingbird",158,"6"
183,"Conversation Downhill",112,"6"
649,"Oz Liaisons",85,"6"
930,"Vacation Boondock",145,"6"
596,"Moonshine Cabin",171,"6"
132,"Chainsaw Uptown",114,"6"
514,"Lebowski Soldiers",69,"6"
322,"Flatliners Killer",100,"6"
292,"Excitement Eve",51,"6"
445,"Hyde Doctor",100,"6"
518,"Liaisons Sweet",140,"6"
402,"Harper Dying",52,"6"
527,"Lola Agent",85,"6"
235,"Divide Monster",68,"6"
562,"Masked Bubble",151,"6"
147,"Chocolat Harry",101,"6"
655,"Panther Reds",109,"6"
989,"Working Microcosmos",74,"6"
77,"Birds Perdition",61,"6"
725,"Requiem Tycoon",167,"6"
131,"Center Dinosaur",152,"6"
326,"Flying Hook",69,"6"
353,"Gentlemen Stage",125,"6"
851,"Straight Hours",151,"6"
45,"Attraction Newton",83,"6"
61,"Beauty Grease",175,"6"
859,"Sugar Wonka",114,"6"
15,"Alien Center",46,"6"
915,"Truman Crazy",92,"6"
428,"Homicide Peach",141,"6"
606,"Mummy Creatures",160,"6"
313,"Fidelity Devil",118,"6"
121,"Carol Texas",151,"6"
222,"Desert Poseidon",64,"6"
614,"Name Detective",178,"6"
392,"Hall Cassidy",51,"6"
777,"Secretary Rouge",158,"6"
191,"Crooked Frogmen",143,"6"
966,"Wedding Apollo",70,"6"
49,"Badman Dawn",162,"6"
580,"Mine Titans",166,"6"
912,"Trojan Tomorrow",52,"6"
938,"Velvet Terminator",173,"6"
406,"Haunting Pianist",181,"6"
309,"Feud Frogmen",98,"6"
545,"Madness Attacks",178,"6"
282,"Encounters Curtain",92,"6"
269,"Earring Instinct",98,"6"
759,"Salute Apollo",73,"6"
117,"Candles Grapes",135,"6"
707,"Quest Mussolini",177,"6"
694,"Prejudice Oleander",98,"6"
949,"Volcano Texas",157,"6"
914,"Trouble Date",61,"6"
506,"Lady Stage",67,"6"
913,"Troopers Metal",115,"6"
212,"Darn Forrester",185,"5"
583,"Mission Zoolander",164,"5"
138,"Chariots Conspiracy",71,"5"
693,"Potter Connecticut",115,"5"
275,"Egypt Tenenbaums",85,"5"
744,"Roots Remember",89,"5"
937,"Varsity Trip",85,"5"
623,"Newton Labyrinth",75,"5"
105,"Bull Shawshank",125,"5"
164,"Coast Rainbow",55,"5"
763,"Satisfaction Confidential",75,"5"
557,"Manchurian Curtain",177,"5"
74,"Birch Antitrust",162,"5"
141,"Chicago North",185,"5"
286,"Enough Raging",158,"5"
917,"Tuxedo Mile",152,"5"
727,"Resurrection Silverado",117,"5"
453,"Image Princess",178,"5"
324,"Flintstones Happiness",148,"5"
95,"Breakfast Goldfinger",123,"5"
664,"Patriot Roman",65,"5"
271,"Easy Gladiator",148,"5"
26,"Annie Identity",86,"5"
251,"Dragonfly Strangers",133,"5"
805,"Sleepless Monsoon",64,"5"
72,"Bill Others",93,"5"
232,"Dirty Ace",147,"5"
663,"Patient Sister",99,"5"
628,"Northwest Polish",172,"5"
424,"Holocaust Highball",149,"5"
173,"Confessions Maguire",65,"5"
570,"Mermaid Insects",104,"5"
920,"Unbreakable Karate",62,"5"
944,"Virgin Daisy",179,"5"
83,"Blues Instinct",50,"5"
746,"Rouge Squad",118,"5"
806,"Sleepy Japanese",137,"5"
380,"Greek Everyone",176,"5"
44,"Attacks Hate",113,"5"
691,"Poseidon Forever",159,"5"
602,"Mourning Purple",146,"5"
877,"Taxi Kick",64,"5"
574,"Midnight Westward",86,"5"
775,"Seattle Expecations",110,"5"
344,"Fury Murder",178,"5"
59,"Bear Graceland",160,"5"
496,"Kick Savannah",179,"5"
646,"Outbreak Divine",169,"5"
381,"Grinch Massage",150,"5"
906,"Tramp Others",171,"5"
975,"Willow Tracy",137,"5"
666,"Paycheck Wait",145,"5"
56,"Barefoot Manchurian",129,"5"
501,"Kissing Dolls",141,"5"
158,"Clones Pinocchio",124,"5"
227,"Details Packer",88,"5"
410,"Heaven Freedom",48,"5"
165,"Coldblooded Darling",70,"5"
534,"Louisiana Harry",70,"5"
483,"Jericho Mulan",171,"5"
123,"Casablanca Super",85,"5"
871,"Sweden Shining",176,"5"
796,"Sierra Divide",135,"5"
807,"Sleuth Orient",87,"5"
432,"Hope Tootsie",139,"5"
620,"Nemo Campus",131,"5"
298,"Eyes Driving",172,"5"
385,"Groundhog Uncut",139,"5"
894,"Tomatoes Hellfighters",68,"5"
226,"Destiny Saturday",56,"5"
924,"Unforgiven Zoolander",129,"5"
254,"Driver Annie",159,"5"
829,"Spinal Rocky",138,"5"
637,"Open African",131,"5"
704,"Pure Runner",121,"5"
420,"Holes Brannigan",128,"5"
925,"United Pilot",164,"5"
478,"Jaws Harry",112,"5"
142,"Chicken Hellfighters",122,"5"
757,"Sagebrush Clueless",106,"5"
438,"Human Graffiti",68,"5"
373,"Graduate Lord",156,"5"
747,"Roxanne Rebel",171,"5"
7,"Airplane Sierra",62,"5"
967,"Weekend Personal",134,"5"
462,"Insider Arizona",78,"5"
511,"Lawrence Love",175,"5"
155,"Cleopatra Devil",150,"5"
54,"Banger Pinocchio",113,"5"
716,"Reap Unfaithful",136,"5"
898,"Tourist Pelican",152,"5"
961,"Wash Heavenly",161,"5"
160,"Club Graffiti",65,"5"
696,"Pride Alamo",114,"5"
383,"Groove Fiction",111,"5"
140,"Cheaper Clyde",87,"5"
797,"Silence Kane",67,"5"
631,"Novocaine Flight",64,"5"
451,"Igby Maker",160,"5"
293,"Exorcist Sting",167,"5"
980,"Wizard Coldblooded",75,"5"
9,"Alabama Devil",114,"5"
479,"Jedi Beneath",128,"5"
354,"Ghost Groundhog",85,"5"
560,"Mars Roman",62,"5"
23,"Anaconda Confessions",92,"5"
818,"Something Duck",180,"5"
536,"Lovely Jingle",65,"5"
345,"Gables Metropolis",161,"5"
988,"Worker Tarzan",139,"5"
957,"War Notting",80,"5"
463,"Instinct Airport",116,"5"
486,"Jet Neighbors",59,"5"
728,"Reunion Witches",63,"5"
963,"Watch Tracy",78,"5"
465,"Interview Liaisons",59,"5"
964,"Waterfront Deliverance",61,"5"
739,"Rocky War",145,"5"
488,"Joon Northwest",105,"5"
294,"Expecations Natural",138,"5"
601,"Moulin Wake",79,"5"
175,"Confused Candles",122,"5"
370,"Gorgeous Bingo",108,"5"
776,"Secret Groundhog",90,"5"
448,"Idaho Love",172,"5"
473,"Jacket Frisco",181,"5"
216,"Day Unfaithful",113,"5"
599,"Mother Oleander",103,"5"
242,"Doom Dancing",68,"5"
668,"Peak Forever",80,"5"
862,"Summer Scarface",53,"5"
50,"Baked Cleopatra",182,"5"
999,"Zoolander Fiction",101,"5"
610,"Music Boondock",129,"5"
578,"Million Ace",142,"5"
991,"Worst Banger",185,"5"
184,"Core Suit",92,"5"
336,"French Holiday",99,"5"
828,"Spiking Element",79,"4"
70,"Bikini Borrowers",142,"4"
946,"Virtual Spoilers",144,"4"
929,"Usual Untouchables",128,"4"
529,"Lonely Elephant",67,"4"
42,"Artist Coldblooded",170,"4"
113,"California Birds",75,"4"
658,"Paris Weekend",121,"4"
440,"Hunger Roof",105,"4"
794,"Side Ark",52,"4"
824,"Spartacus Cheaper",52,"4"
357,"Gilbert Pelican",114,"4"
241,"Donnie Alley",125,"4"
13,"Ali Forever",150,"4"
152,"Circus Youth",90,"4"
186,"Craft Outfield",64,"4"
27,"Anonymous Human",179,"4"
58,"Beach Heartbreakers",122,"4"
667,"Peach Innocent",160,"4"
258,"Drums Dynamite",96,"4"
84,"Boiled Dares",102,"4"
276,"Element Freddy",115,"4"
379,"Greedy Roots",166,"4"
942,"Vietnam Smoochy",174,"4"
589,"Modern Dorado",74,"4"
567,"Meet Chocolate",80,"4"
153,"Citizen Shrek",165,"4"
214,"Daughter Madigan",59,"4"
847,"Stock Glass",160,"4"
532,"Loser Hustler",80,"4"
519,"Liberty Magnificent",138,"4"
840,"Stampede Disturbing",75,"4"
3,"Adaptation Holes",50,"4"
921,"Uncut Suicides",172,"4"
296,"Express Lonely",178,"4"
209,"Darkness War",99,"4"
34,"Arabia Dogma",62,"4"
526,"Lock Rear",120,"4"
793,"Shrunk Divine",139,"4"
194,"Crow Grease",104,"4"
360,"Glass Dying",103,"4"
629,"Notorious Reunion",128,"4"
593,"Monterey Labyrinth",158,"4"
474,"Jade Bunch",174,"4"
969,"West Lion",159,"4"
732,"Rings Heartbreakers",58,"4"
855,"Streak Ridgemont",132,"4"
626,"Noon Papi",57,"4"
711,"Raging Airplane",154,"4"
505,"Labyrinth League",46,"4"
88,"Born Spinal",179,"4"
328,"Forever Candidate",131,"4"
717,"Rear Trading",97,"4"
634,"Odds Boogie",48,"4"
48,"Backlash Undefeated",118,"4"
81,"Blindness Gun",103,"4"
546,"Madre Gables",98,"4"
686,"Pluto Oleander",84,"4"
722,"Reef Salute",123,"4"
573,"Microcosmos Paradise",105,"4"
987,"Words Hunter",116,"4"
250,"Dragon Squad",170,"4"
962,"Wasteland Divine",85,"4"
795,"Siege Madre",111,"4"
809,"Slipper Fidelity",156,"4"
585,"Mob Duffel",105,"4"
8,"Airport Pollock",54,"4"
908,"Trap Guys",110,"4"
708,"Quills Bull",112,"4"
455,"Impossible Prejudice",103,"4"
396,"Hanging Deep",62,"4"
854,"Strangers Graffiti",119,"4"
389,"Gunfighter Mussolini",127,"4"
916,"Turn Star",80,"4"
65,"Behavior Runaway",100,"4"
480,"Jeepers Wedding",84,"4"
535,"Love Suicides",181,"4"
832,"Splash Gump",175,"4"
907,"Translation Summer",168,"4"
939,"Vertigo Northwest",90,"4"
813,"Smoochy Control",184,"4"
333,"Freaky Pocus",126,"4"
918,"Twisted Pirates",152,"4"
430,"Hook Chariots",49,"4"
207,"Dangerous Uptown",121,"4"
881,"Temple Attraction",71,"4"
544,"Madison Trap",147,"4"
365,"Gold River",154,"4"
618,"Necklace Outbreak",132,"4"
308,"Ferris Mother",142,"4"
137,"Charade Duffel",66,"4"
24,"Analyze Hoosiers",181,"4"
394,"Hamlet Wisdom",146,"4"
272,"Edge Kissing",153,"4"
867,"Super Wyoming",58,"4"
190,"Creepers Kane",172,"4"
858,"Submarine Bed",127,"4"
919,"Tycoon Gathering",82,"4"
932,"Valley Packer",73,"4"
888,"Thin Sagebrush",53,"4"
40,"Army Flintstones",148,"4"
201,"Cyclone Family",176,"4"
844,"Steers Armageddon",140,"4"
446,"Hysterical Grail",150,"4"
749,"Rules Human",153,"4"
219,"Deep Crusade",51,"4"
661,"Past Suicides",157,"4"
896,"Tootsie Pilot",157,"4"
597,"Moonwalker Fool",184,"4"
886,"Theory Mermaid",184,"4"
110,"Cabin Flash",53,"4"
229,"Devil Desire",87,"4"
788,"Ship Wonderland",104,"4"
900,"Town Ark",136,"4"
762,"Sassy Packer",154,"4"
878,"Teen Apollo",74,"4"
679,"Pilot Hoosiers",50,"4"
729,"Rider Caddyshack",177,"4"
821,"Sorority Queen",184,"4"
736,"Robbery Bright",134,"4"
85,"Bonnie Holocaust",63,"4"
592,"Monster Spartacus",107,"4"
927,"Uprising Uptown",174,"4"
774,"Searchers Wait",182,"4"
398,"Hanover Galaxy",47,"4"
151,"Cincinatti Whisperer",143,"4"
992,"Wrath Mile",176,"4"
205,"Dances None",58,"4"
673,"Personal Ladybugs",118,"4"
783,"Shane Darkness",93,"4"
598,"Mosquito Armageddon",57,"4"
287,"Entrapment Satisfaction",176,"4"
662,"Paths Control",118,"4"
342,"Fugitive Maguire",83,"4"
588,"Model Fish",175,"4"
260,"Dude Blindness",132,"4"
423,"Hollywood Anonymous",69,"4"
654,"Panky Submarine",93,"4"
549,"Magnolia Forrester",171,"4"
765,"Saturn Name",182,"4"
552,"Majestic Floats",130,"4"
299,"Factory Dragon",144,"4"
169,"Comforts Rush",76,"4"
92,"Bowfinger Gables",72,"4"
971,"Whale Bikini",109,"4"
660,"Party Knock",107,"4"
236,"Divine Resurrection",100,"4"
561,"Mask Peach",123,"4"
291,"Evolution Alter",174,"4"
842,"State Wasteland",113,"4"
705,"Purple Movie",88,"4"
427,"Homeward Cider",103,"4"
347,"Games Bowfinger",119,"4"
179,"Conquerer Nuts",173,"4"
321,"Flash Wars",123,"4"
133,"Chamber Italian",117,"4"
600,"Motions Details",166,"4"
203,"Daisy Menagerie",84,"4"
71,"Bilko Anonymous",100,"4"
68,"Betrayed Rear",122,"4"
80,"Blanket Beverly",148,"4"
323,"Flight Lies",179,"4"
348,"Gandhi Kwai",86,"4"
337,"Frida Slipper",73,"4"
615,"Nash Chocolat",180,"4"
452,"Illusion Amelie",122,"4"
798,"Silverado Goldfinger",74,"4"
830,"Spirit Flintstones",149,"4"
678,"Pickup Driving",77,"4"
510,"Lawless Vision",181,"4"
63,"Bedazzled Married",73,"4"
956,"Wanda Chamber",107,"4"
882,"Tenenbaums Command",99,"4"
213,"Date Speed",104,"4"
352,"Gathering Calendar",176,"4"
688,"Polish Brooklyn",61,"4"
265,"Dying Maker",168,"4"
111,"Caddyshack Jedi",52,"4"
16,"Alley Evolution",180,"4"
568,"Memento Zoolander",77,"4"
421,"Holiday Games",78,"4"
449,"Identity Lover",119,"4"
652,"Pajama Jawbreaker",126,"4"
831,"Spirited Casualties",138,"3"
792,"Shrek License",154,"3"
872,"Sweet Brotherhood",185,"3"
538,"Loverboy Attacks",162,"3"
640,"Opus Ice",102,"3"
617,"Natural Stock",50,"3"
819,"Song Hedwig",165,"3"
426,"Home Pity",185,"3"
66,"Beneath Rush",53,"3"
364,"Godfather Diary",73,"3"
714,"Random Go",73,"3"
968,"Werewolf Lola",79,"3"
96,"Breaking Home",169,"3"
75,"Bird Independence",163,"3"
766,"Savannah Town",84,"3"
187,"Cranes Reservoir",57,"3"
587,"Mod Secretary",77,"3"
700,"Prix Undefeated",115,"3"
493,"Kane Exorcist",92,"3"
257,"Drumline Cyclone",110,"3"
482,"Jeopardy Encino",102,"3"
509,"Language Cowboy",78,"3"
550,"Maguire Apache",74,"3"
477,"Jawbreaker Brooklyn",118,"3"
208,"Dares Pluto",89,"3"
157,"Clockwork Paradise",143,"3"
246,"Doubtfire Labyrinth",154,"3"
533,"Lost Bird",98,"3"
64,"Beethoven Exorcist",151,"3"
848,"Stone Fire",94,"3"
134,"Champion Flatliners",51,"3"
225,"Destination Jerk",76,"3"
834,"Spoilers Hellfighters",151,"3"
564,"Massage Image",161,"3"
371,"Gosford Donnie",129,"3"
104,"Bugsy Song",119,"3"
960,"Wars Pluto",128,"3"
338,"Frisco Forrest",51,"3"
604,"Mulan Moon",160,"3"
2,"Ace Goldfinger",48,"3"
306,"Feathers Metal",104,"3"
487,"Jingle Sagebrush",124,"3"
413,"Hedwig Alter",169,"3"
627,"North Tequila",67,"3"
636,"Oleander Clue",161,"3"
98,"Bright Encounters",73,"3"
889,"Ties Hunger",111,"3"
60,"Beast Hunchback",89,"3"
934,"Vanilla Day",122,"3"
692,"Potluck Mixed",179,"3"
581,"Minority Kiss",59,"3"
994,"Wyoming Storm",100,"3"
503,"Kramer Chocolate",171,"3"
339,"Frogmen Breaking",111,"3"
315,"Finding Anaconda",156,"3"
740,"Rollercoaster Bringing",153,"3"
591,"Monsoon Cause",182,"3"
884,"Terminator Club",88,"3"
93,"Brannigan Sunrise",121,"3"
537,"Lover Truman",75,"3"
952,"Wagon Jaws",152,"3"
283,"Ending Crowds",85,"3"
5,"African Egg",130,"3"
210,"Darko Dorado",130,"3"
240,"Dolls Rage",120,"3"
188,"Crazy Home",136,"3"
20,"Amelie Hellfighters",79,"3"
577,"Mile Mulan",64,"3"
780,"Sensibility Rear",98,"3"
76,"Birdcage Casper",103,"3"
836,"Squad Fish",136,"3"
508,"Lambs Cincinatti",144,"3"
431,"Hoosiers Birdcage",176,"3"
146,"Chitty Lock",107,"3"
758,"Saints Bride",125,"3"
837,"Stage World",85,"3"
384,"Grosse Wonderful",49,"3"
899,"Towers Hurricane",144,"3"
815,"Snatchers Montezuma",74,"3"
120,"Caribbean Liberty",92,"3"
442,"Hunting Musketeers",65,"3"
933,"Vampire Whale",126,"3"
756,"Saddle Antitrust",80,"3"
124,"Casper Dragonfly",163,"3"
632,"Nuts Ties",145,"3"
390,"Guys Falcon",84,"3"
726,"Reservoir Adaptation",61,"3"
126,"Casualties Encino",179,"3"
469,"Iron Moon",46,"3"
202,"Daddy Pittsburgh",161,"3"
905,"Trainspotting Strangers",132,"3"
312,"Fiddler Lost",75,"3"
923,"Unfaithful Kill",78,"3"
761,"Santa Paris",154,"3"
940,"Victory Academy",64,"3"
978,"Wisdom Worker",98,"3"
28,"Anthem Luke",91,"3"
868,"Superfly Trip",114,"3"
639,"Opposite Necklace",92,"3"
770,"Scissorhands Slums",147,"3"
682,"Pittsburgh Hunchback",134,"3"
516,"Legend Jedi",59,"3"
853,"Stranger Strangers",139,"3"
811,"Smile Earring",60,"3"
528,"Lolita World",155,"3"
576,"Mighty Luck",122,"3"
977,"Window Side",85,"3"
553,"Maker Gables",136,"3"
530,"Lord Arizona",108,"3"
750,"Run Pacific",145,"3"
540,"Lucky Flying",97,"3"
163,"Clyde Theory",139,"3"
787,"Shining Roses",125,"3"
630,"Notting Speakeasy",48,"3"
277,"Elephant Trojan",126,"3"
290,"Everyone Craft",163,"3"
674,"Pet Haunting",99,"3"
928,"Uptown Young",84,"3"
983,"Won Dares",105,"3"
46,"Autumn Crow",108,"3"
633,"October Submarine",54,"3"
485,"Jersey Sassy",60,"3"
752,"Runner Madigan",101,"3"
136,"Chaplin License",146,"3"
145,"Chisum Behavior",124,"3"
931,"Valentine Vanishing",48,"3"
825,"Speakeasy Date",165,"3"
731,"Right Cranes",153,"3"
177,"Connecticut Tramp",172,"3"
256,"Drop Waterfront",178,"3"
594,"Montezuma Command",126,"3"
180,"Conspiracy Spirit",184,"2"
513,"Leathernecks Dwarfs",153,"2"
425,"Holy Tadpole",88,"2"
653,"Panic Club",102,"2"
548,"Magnificent Chitty",53,"2"
656,"Papi Necklace",128,"2"
826,"Speed Suit",124,"2"
996,"Young Language",183,"2"
612,"Mussolini Spoilers",180,"2"
368,"Gone Trouble",84,"2"
635,"Oklahoma Jumanji",58,"2"
405,"Haunted Antitrust",76,"2"
499,"King Evolution",184,"2"
539,"Luck Opus",152,"2"
523,"Lights Deer",174,"2"
959,"Warlock Werewolf",83,"2"
622,"Newsies Story",159,"2"
340,"Frontier Cabin",183,"2"
817,"Soldiers Evolution",185,"2"
435,"Hotel Happiness",181,"2"
264,"Dwarfs Alter",101,"2"
675,"Phantom Glory",60,"2"
107,"Bunch Minds",63,"2"
839,"Stallion Sundance",130,"2"
582,"Miracle Virtual",162,"2"
605,"Mulholland Beast",157,"2"
466,"Intolerable Intentions",63,"2"
935,"Vanished Garden",142,"2"
541,"Luke Mummy",74,"2"
520,"License Weekend",91,"2"
62,"Bed Highball",106,"2"
910,"Treatment Jekyll",87,"2"
751,"Runaway Tenenbaums",181,"2"
237,"Divorce Shining",47,"2"
29,"Antitrust Tomatoes",168,"2"
53,"Bang Kwai",87,"2"
998,"Zhivago Core",105,"2"
262,"Dumbo Lust",119,"2"
197,"Crusade Honey",112,"2"
695,"President Bang",144,"2"
566,"Maude Mod",72,"2"
182,"Control Anthem",185,"2"
125,"Cassidy Wyoming",61,"2"
565,"Matrix Snowman",56,"2"
454,"Impact Aladdin",180,"2"
261,"Duffel Apocalypse",171,"2"
475,"Japanese Run",135,"2"
399,"Happiness United",100,"2"
156,"Clerks Angels",164,"2"
238,"Doctor Grail",57,"2"
781,"Seven Swarm",127,"2"
543,"Madigan Dorado",116,"2"
32,"Apocalypse Flamingos",119,"2"
94,"Braveheart Human",176,"2"
547,"Magic Mallrats",117,"2"
248,"Dozen Lion",177,"2"
719,"Records Zorro",182,"2"
613,"Mystic Truman",92,"2"
492,"Jungle Closer",134,"2"
459,"Informer Double",74,"2"
196,"Cruelty Unforgiven",69,"2"
699,"Private Drop",106,"2"
268,"Early Home",96,"2"
102,"Bubble Grosse",60,"2"
224,"Desperate Trainspotting",81,"2"
569,"Menagerie Rushmore",147,"2"
779,"Sense Greek",54,"2"
903,"Traffic Hobbit",139,"2"
185,"Cowboy Doom",146,"2"
161,"Clue Grail",70,"2"
584,"Mixed Doors",180,"2"
310,"Fever Empire",158,"2"
721,"Reds Pocus",182,"2"
876,"Tarzan Videotape",91,"2"
279,"Elizabeth Shane",152,"2"
558,"Mannequin Worst",71,"2"
883,"Tequila Past",53,"2"
52,"Ballroom Mockingbird",173,"2"
168,"Comancheros Enemy",67,"2"
498,"Killer Innocent",161,"2"
82,"Blood Argonauts",71,"2"
990,"World Leathernecks",171,"2"
355,"Ghostbusters Elf",101,"2"
685,"Platoon Instinct",132,"2"
659,"Park Citizen",109,"2"
400,"Hardly Robbers",72,"2"
490,"Jumanji Blade",121,"2"
316,"Fire Wolves",173,"2"
289,"Eve Resurrection",66,"2"
754,"Rushmore Mermaid",150,"2"
866,"Sunset Racer",48,"2"
393,"Halloween Nuts",47,"2"
904,"Train Bunch",71,"2"
684,"Pizza Jumanji",173,"2"
401,"Harold French",168,"2"
178,"Connection Microcosmos",115,"2"
106,"Bulworth Commandments",61,"2"
407,"Hawk Chill",47,"2"
278,"Elf Murder",155,"2"
47,"Baby Hall",153,"2"
822,"Soup Wisdom",169,"2"
718,"Rebel Airport",73,"2"
372,"Graceland Dynamite",140,"2"
947,"Vision Torque",59,"2"
411,"Heavenly Gun",49,"2"
230,"Diary Panic",107,"2"
335,"Freedom Cleopatra",133,"2"
223,"Desire Alien",76,"2"
997,"Youth Kick",179,"2"
808,"Sling Luke",84,"2"
441,"Hunter Alter",125,"2"
522,"Life Twisted",137,"2"
343,"Full Flatliners",94,"2"
984,"Wonderful Drop",126,"2"
515,"Legally Secretary",113,"2"
472,"Italian African",174,"2"
974,"Wild Apollo",181,"2"
297,"Extraordinary Conquerer",122,"2"
30,"Anything Savannah",82,"2"
965,"Watership Frontier",112,"2"
259,"Duck Racer",116,"2"
507,"Ladybugs Armageddon",113,"2"
703,"Punk Divorce",100,"2"
885,"Texas Watch",179,"2"
375,"Grail Frankenstein",85,"2"
362,"Glory Tracy",115,"2"
211,"Darling Breaking",165,"2"
799,"Simon North",51,"2"
422,"Hollow Jeopardy",136,"2"
517,"Lesson Cleopatra",167,"2"
470,"Ishtar Rocketeer",79,"2"
769,"School Jacket",151,"2"
926,"Untouchables Sunrise",120,"2"
